[{
    "title": "首页",
    "icon": "las la-home",
    "pull": false,
    "name": "home",
    "active": true,
    "up": "",
    "son": []
}, {
    "title": "资产管理",
    "icon": "las la-coins",
    "pull": true,
    "name": "asset",
    "active": false,
    "up": "",
    "son": [{
        "title": "资产入库",
        "icon": "las la-sign-in-alt",
        "pull": false,
        "name": "assetinsert",
        "active": false,
        "up": "asset",
        "son": []
    }, {
        "title": "领用退库",
        "name": "assetuse",
        "icon": "las la-sign-out-alt",
        "up": "asset",
        "pull": false,
        "active": false,
        "son": []
    }, {
        "title": "借用归还",
        "name": "assetborrow",
        "icon": "las la-reply-all",
        "up": "asset",
        "pull": false,
        "active": false,
        "son": []
    }, {
        "title": "资产调拨",
        "name": "assettransfer",
        "icon": "las la-share-square",
        "up": "asset",
        "pull": false,
        "active": false,
        "son": []
    }, {
        "title": "实物信息更变",
        "name": "assetotherchange",
        "icon": "las la-edit",
        "up": "asset",
        "pull": false,
        "active": false,
        "son": []
    }, {
        "title": "维保信息更变",
        "name": "assetmaintenancechange",
        "icon": "las la-pen-square",
        "up": "asset",
        "pull": false,
        "active": false,
        "son": []
    }, {
        "title": "财务信息更变",
        "name": "assetfinance",
        "icon": "las la-pencil-alt",
        "up": "asset",
        "pull": false,
        "active": false,
        "son": []
    }, {
        "title": "维修信息登记",
        "name": "assetrepair",
        "icon": "las la-keyboard",
        "up": "asset",
        "pull": false,
        "active": false,
        "son": []
    }, {
        "title": "清理报废",
        "name": "assetclear",
        "icon": "las la-trash-alt",
        "up": "asset",
        "pull": false,
        "active": false,
        "son": []
    }, {
        "title": "盘点管理",
        "name": "assetcheck",
        "icon": "las la-calculator",
        "up": "asset",
        "pull": false,
        "active": false,
        "son": []
    }]
}, {
    "title": "系统管理",
    "icon": "lab la-windows",
    "pull": true,
    "name": "system",
    "active": false,
    "up": "",
    "son": [{
        "title": "用户管理",
        "icon": "las la-user",
        "pull": false,
        "name": "users",
        "active": false,
        "up": "system",
        "son": []
    }, {
        "title": "功能测试",
        "icon": "las la-vial",
        "pull": false,
        "name": "test",
        "active": false,
        "up": "system",
        "son": []
    }]
}, {
    "title": "",
    "icon": "",
    "pull": false,
    "name": "",
    "active": false,
    "up": "",
    "son": []
}]